Bin	BinLow	BinHigh	MC_Total	Data	DYJets	TT	Nonprompt	Others	Stat_pct	SystUp_pct	SystDn_pct	TotalUp_pct	TotalDn_pct	Pileup_pct	ElectronID_pct	ElectronReco_pct	ElectronTrig_pct	MuonID_pct	MuonReco_pct	MuonTrig_pct	MuonIso_pct	JER_pct	JES_pct
1	-3.1400	-3.0144	29.9009	30.0000	0.0000	24.6859	3.9674	1.2476	12.3741	6.3752	8.0460	13.9198	14.7599	5.0566	0.4359	2.3766	0.0000	0.0000	0.0000	0.4863	0.1859	1.0768	5.7478
2	-3.0144	-2.8888	19.7145	25.0000	0.0000	25.4009	-6.9260	1.2397	36.4044	9.7472	12.5129	37.6867	38.4948	10.1816	0.4039	3.1005	0.0000	0.0000	0.0000	0.4908	0.1900	0.3864	6.8822
3	-2.8888	-2.7632	34.0704	21.0000	0.0000	25.9636	6.8234	1.2834	18.6614	6.6590	8.1350	19.8139	20.3574	6.2088	0.4421	2.0837	0.0000	0.0000	0.0000	0.4435	0.1574	0.3494	4.7695
4	-2.7632	-2.6376	27.7424	24.0000	0.0000	26.1072	0.4315	1.2038	3.9894	6.2044	6.9624	7.3763	8.0244	1.2129	0.4271	2.4018	0.0000	0.0000	0.0000	0.5270	0.2132	0.1128	6.3820
5	-2.6376	-2.5120	24.8568	22.0000	0.0000	23.4313	0.1881	1.2373	4.1997	5.4668	5.8602	6.8937	7.2097	0.6098	0.4283	2.3706	0.0000	0.0000	0.0000	0.4989	0.1874	0.6624	5.2387
6	-2.5120	-2.3864	24.9051	28.0000	0.0000	23.1350	0.5622	1.2078	4.2097	5.9447	3.9262	7.2843	5.7565	2.0515	0.4307	2.4863	0.0000	0.0000	0.0000	0.4804	0.1846	0.4801	5.0128
7	-2.3864	-2.2608	27.1581	20.0000	0.0000	25.6024	0.5765	0.9792	4.0433	7.0739	4.5556	8.1479	6.0911	0.8852	0.4290	2.4090	0.0000	0.0000	0.0000	0.4766	0.1712	1.0344	6.5294
8	-2.2608	-2.1352	32.8614	28.0000	0.0000	25.1128	6.5419	1.2067	19.2570	4.8154	4.9444	19.8499	19.8816	3.2601	0.4252	2.0407	0.0000	0.0000	0.0000	0.5322	0.2052	0.7253	3.5574
9	-2.1352	-2.0096	25.2610	22.0000	0.0000	23.8113	0.4358	1.0140	4.1984	4.9332	4.5732	6.4779	6.2081	0.3114	0.4282	2.4755	0.0000	0.0000	0.0000	0.4938	0.1974	0.5954	4.1583
10	-2.0096	-1.8840	27.4061	30.0000	0.0000	25.9879	0.3659	1.0523	4.0173	4.2958	6.9005	5.8815	7.9847	0.5717	0.4289	2.4952	0.0000	0.0000	0.0000	0.4811	0.1760	0.2268	6.3692
11	-1.8840	-1.7584	26.4913	31.0000	0.5616	24.8338	0.5435	0.5523	4.5961	6.0483	4.6383	7.5964	6.5297	0.3115	0.4298	2.3117	0.0000	0.0000	0.0000	0.5170	0.2122	0.3768	5.5229
12	-1.7584	-1.6328	32.0185	25.0000	0.0000	23.7189	6.8459	1.4537	19.8767	5.1704	4.0550	20.5382	20.2861	3.4291	0.4228	2.0447	0.0000	0.0000	0.0000	0.4420	0.1730	0.5346	3.2232
13	-1.6328	-1.5072	40.3054	30.0000	0.0000	25.2841	14.0701	0.9513	34.5837	4.9761	5.4055	34.9398	35.0036	2.5974	0.4534	4.0628	0.0000	0.0000	0.0000	0.3938	0.1663	0.1908	2.8048
14	-1.5072	-1.3816	25.5028	31.0000	0.0000	23.7122	0.1801	1.6104	4.1694	5.2785	4.8237	6.7266	6.3759	0.3204	0.4277	2.4004	0.0000	0.0000	0.0000	0.5063	0.1892	0.7490	4.5896
15	-1.3816	-1.2560	26.3733	32.0000	0.0000	23.8989	1.0076	1.4668	4.5357	6.3480	5.8636	7.8020	7.4132	2.2228	0.4285	2.4432	0.0000	0.0000	0.0000	0.4801	0.2032	0.4058	5.3636
16	-1.2560	-1.1304	25.6371	29.0000	0.0000	24.3645	0.2263	1.0463	4.1917	5.0431	5.7671	6.5577	7.1295	0.5508	0.4275	2.4599	0.0000	0.0000	0.0000	0.4927	0.1985	0.5477	5.1714
17	-1.1304	-1.0048	26.4391	27.0000	0.0000	25.1768	0.3400	0.9223	4.1241	4.7126	5.2021	6.2623	6.6385	1.9250	0.4267	2.2974	0.0000	0.0000	0.0000	0.5049	0.1880	0.8365	4.1117
18	-1.0048	-0.8792	33.8256	30.0000	0.0000	25.1519	7.5510	1.1227	21.5346	6.1343	24.7909	22.3913	32.8379	5.3174	0.4458	2.0783	0.0000	0.0000	0.0000	0.5145	0.1613	0.5587	24.5293
19	-0.8792	-0.7536	25.3365	24.0000	0.0000	23.6864	0.6339	1.0161	4.0942	5.9302	4.5851	7.2062	6.1470	0.2756	0.4323	2.2875	0.0000	0.0000	0.0000	0.5276	0.2044	0.8118	5.3565
20	-0.7536	-0.6280	26.5649	25.0000	0.0000	24.6178	0.6498	1.2973	4.1218	5.7339	5.0496	7.0617	6.5183	1.2547	0.4324	2.4495	0.0000	0.0000	0.0000	0.5013	0.1997	0.2114	5.0513
21	-0.6280	-0.5024	25.2407	23.0000	0.0000	23.5446	0.5015	1.1946	5.0626	5.2246	4.3175	7.2751	6.6537	0.4143	0.4272	2.3486	0.0000	0.0000	0.0000	0.4373	0.1683	1.4014	4.4062
22	-0.5024	-0.3768	27.1355	31.0000	0.0000	25.0801	0.4937	1.5617	4.0800	4.9487	4.7223	6.4137	6.2407	0.1849	0.4292	2.4630	0.0000	0.0000	0.0000	0.5021	0.1972	0.5880	4.1955
23	-0.3768	-0.2512	26.1605	23.0000	0.0000	24.0951	0.9813	1.0841	4.0861	5.6485	5.2094	6.9715	6.6207	1.1386	0.4317	2.4755	0.0000	0.0000	0.0000	0.5272	0.2233	1.2391	4.8792
24	-0.2512	-0.1256	26.1223	26.0000	0.0000	23.9972	0.5514	1.5737	4.1317	4.2361	5.4983	5.9174	6.8777	0.9387	0.4289	2.3606	0.0000	0.0000	0.0000	0.4774	0.1869	0.6117	4.7913
25	-0.1256	0.0000	28.0048	31.0000	0.0000	26.3069	0.4466	1.2513	4.0006	4.4089	4.9264	5.9534	6.3462	0.9932	0.4323	2.4191	0.0000	0.0000	0.0000	0.4978	0.1875	0.1758	4.2316
26	0.0000	0.1256	26.3294	23.0000	0.0000	24.4798	0.6938	1.1559	4.1263	5.1775	7.9640	6.6207	8.9695	0.1447	0.4279	2.4906	0.0000	0.0000	0.0000	0.4853	0.2040	0.3038	7.5279
27	0.1256	0.2512	23.9294	36.0000	0.0000	22.2801	0.3237	1.3256	5.1967	5.2261	4.2851	7.3701	6.7356	0.7312	0.4305	2.2676	0.0000	0.0000	0.0000	0.5216	0.2060	0.4673	4.5736
28	0.2512	0.3768	26.8974	32.0000	0.0000	24.9723	0.5670	1.3581	3.9739	5.4626	5.2908	6.7551	6.6170	2.1103	0.4248	2.4107	0.0000	0.0000	0.0000	0.5055	0.1929	0.4833	4.5760
29	0.3768	0.5024	25.7736	34.0000	0.0000	24.5592	0.4782	0.7362	4.1762	10.2817	4.8670	11.0975	6.4132	2.0836	0.4294	2.5266	0.0000	0.0000	0.0000	0.5370	0.2109	1.0000	9.6680
30	0.5024	0.6280	25.9204	27.0000	0.0000	24.7432	0.2133	0.9639	4.0958	5.8368	4.8267	7.1305	6.3303	0.1429	0.4267	2.4185	0.0000	0.0000	0.0000	0.5965	0.2502	0.3628	5.2554
31	0.6280	0.7536	26.0794	29.0000	0.0000	24.6862	0.5381	0.8551	4.2221	4.4545	4.3845	6.1375	6.0868	0.1118	0.4299	2.4201	0.0000	0.0000	0.0000	0.4398	0.1607	0.3819	3.6655
32	0.7536	0.8792	25.8000	41.0000	0.0000	24.1021	0.5414	1.1564	4.1402	4.8504	6.9384	6.3771	8.0798	0.6906	0.4301	2.4955	0.0000	0.0000	0.0000	0.4991	0.2023	0.5851	6.4002
33	0.8792	1.0048	27.6716	28.0000	0.0000	26.3271	0.3920	0.9524	4.0619	4.9962	6.7172	6.4390	7.8499	1.2814	0.4267	2.3462	0.0000	0.0000	0.0000	0.4873	0.1745	0.7971	6.0737
34	1.0048	1.1304	27.7408	22.0000	0.0000	25.9122	0.5587	1.2698	4.0038	6.5007	6.1145	7.6348	7.3087	0.7259	0.4335	2.4225	0.0000	0.0000	0.0000	0.4777	0.1911	0.3806	5.9385
35	1.1304	1.2560	25.6819	34.0000	0.0000	24.1886	0.5860	0.9072	4.1664	5.0086	5.6384	6.5149	7.0107	2.1850	0.4288	2.4955	0.0000	0.0000	0.0000	0.4794	0.1709	0.7968	4.4785
36	1.2560	1.3816	26.8611	34.0000	0.1968	25.1057	0.4479	1.1107	4.0670	5.1385	6.8958	6.5532	8.0058	1.6329	0.4286	2.3827	0.0000	0.0000	0.0000	0.5274	0.2166	0.8755	6.2923
37	1.3816	1.5072	27.1474	20.0000	0.2076	25.3473	0.5666	1.0259	4.0587	4.6142	7.0553	6.1452	8.1394	1.2161	0.4294	2.3483	0.0000	0.0000	0.0000	0.4581	0.1752	1.2699	6.3833
38	1.5072	1.6328	27.0216	32.0000	0.0000	25.1237	0.6486	1.2493	4.1906	5.1704	5.4544	6.6554	6.8783	0.1077	0.4305	2.4872	0.0000	0.0000	0.0000	0.4761	0.1847	0.8502	4.8079
39	1.6328	1.7584	27.3218	34.0000	0.0000	24.9624	0.6794	1.6801	3.9885	5.2255	4.0028	6.5737	5.6507	0.5782	0.4320	2.3964	0.0000	0.0000	0.0000	0.4496	0.1790	0.5031	4.5704
40	1.7584	1.8840	25.0311	42.0000	0.0000	23.5406	0.5831	0.9073	4.1641	4.7771	7.4013	6.3372	8.4923	1.5432	0.4324	2.5243	0.0000	0.0000	0.0000	0.4823	0.1835	0.9679	6.6810
41	1.8840	2.0096	24.4052	25.0000	0.0000	22.8376	0.5012	1.0664	4.2658	6.5803	5.5070	7.8420	6.9660	3.2411	0.4304	2.6655	0.0000	0.0000	0.0000	0.4871	0.1866	0.4670	5.3369
42	2.0096	2.1352	25.2500	21.0000	0.0000	23.9847	0.4867	0.7786	4.2153	5.1399	7.6471	6.6474	8.7319	1.0268	0.4285	2.5525	0.0000	0.0000	0.0000	0.4789	0.1825	1.1230	7.0144
43	2.1352	2.2608	28.7416	32.0000	0.0000	27.3785	0.3530	1.0101	3.9306	5.4217	5.7739	6.6966	6.9848	1.2120	0.4288	2.4217	0.0000	0.0000	0.0000	0.4482	0.1712	1.1774	4.9197
44	2.2608	2.3864	26.0493	25.0000	0.1464	24.1973	0.4040	1.3016	4.0521	6.2035	7.8527	7.4097	8.8366	0.6967	0.4289	2.5009	0.0000	0.0000	0.0000	0.5153	0.2125	1.2511	7.2935
45	2.3864	2.5120	25.8660	28.0000	0.0000	24.8505	0.3621	0.6534	4.1293	6.3518	6.9256	7.5760	8.0632	1.0249	0.4283	2.4294	0.0000	0.0000	0.0000	0.4991	0.1942	0.4690	6.3499
46	2.5120	2.6376	18.5774	35.0000	0.0000	24.6826	-7.7648	1.6597	44.7624	10.3597	14.1347	45.9456	46.9410	11.9101	0.3934	3.2378	0.0000	0.0000	0.0000	0.6530	0.2564	0.8261	6.7916
47	2.6376	2.7632	28.4401	17.0000	0.7926	26.3011	0.3691	0.9773	4.7705	3.8347	5.0093	6.1207	6.9174	1.7710	0.4293	2.3964	0.0000	0.0000	0.0000	0.4865	0.2021	0.0765	3.9681
48	2.7632	2.8888	24.5922	24.0000	0.0000	23.2171	0.5203	0.8549	4.1380	5.2189	4.6168	6.6604	6.1999	1.3257	0.4294	2.3055	0.0000	0.0000	0.0000	0.5388	0.2194	0.1100	4.5083
49	2.8888	3.0144	26.9207	31.0000	0.0000	25.0652	0.7882	1.0673	4.0261	4.0554	6.1296	5.7145	7.3336	1.1091	0.4300	2.5232	0.0000	0.0000	0.0000	0.4578	0.1726	0.7968	5.3774
50	3.0144	3.1400	27.3655	30.0000	0.0000	26.1119	0.3433	0.9103	4.0442	5.6834	4.2667	6.9754	5.8788	0.9677	0.4288	2.3060	0.0000	0.0000	0.0000	0.4512	0.1940	0.3596	5.0890
