Bin	BinLow	BinHigh	MC_Total	Data	DYJets	TT	Nonprompt	Others	Stat_pct	SystUp_pct	SystDn_pct	TotalUp_pct	TotalDn_pct	Pileup_pct	ElectronID_pct	ElectronReco_pct	ElectronTrig_pct	MuonID_pct	MuonReco_pct	MuonTrig_pct	MuonIso_pct	JER_pct	JES_pct	DYJets_Stat_pct	DYJets_SystUp_pct	DYJets_SystDn_pct	DYJets_TotalUp_pct	DYJets_TotalDn_pct	DYJets_Pileup_pct	DYJets_ElectronID_pct	DYJets_ElectronReco_pct	DYJets_ElectronTrig_pct	DYJets_MuonID_pct	DYJets_MuonReco_pct	DYJets_MuonTrig_pct	DYJets_MuonIso_pct	DYJets_JER_pct	DYJets_JES_pct	TT_Stat_pct	TT_SystUp_pct	TT_SystDn_pct	TT_TotalUp_pct	TT_TotalDn_pct	TT_Pileup_pct	TT_ElectronID_pct	TT_ElectronReco_pct	TT_ElectronTrig_pct	TT_MuonID_pct	TT_MuonReco_pct	TT_MuonTrig_pct	TT_MuonIso_pct	TT_JER_pct	TT_JES_pct	Nonprompt_Stat_pct	Nonprompt_SystUp_pct	Nonprompt_SystDn_pct	Nonprompt_TotalUp_pct	Nonprompt_TotalDn_pct	Nonprompt_Pileup_pct	Nonprompt_ElectronID_pct	Nonprompt_ElectronReco_pct	Nonprompt_ElectronTrig_pct	Nonprompt_MuonID_pct	Nonprompt_MuonReco_pct	Nonprompt_MuonTrig_pct	Nonprompt_MuonIso_pct	Nonprompt_JER_pct	Nonprompt_JES_pct	Others_Stat_pct	Others_SystUp_pct	Others_SystDn_pct	Others_TotalUp_pct	Others_TotalDn_pct	Others_Pileup_pct	Others_ElectronID_pct	Others_ElectronReco_pct	Others_ElectronTrig_pct	Others_MuonID_pct	Others_MuonReco_pct	Others_MuonTrig_pct	Others_MuonIso_pct	Others_JER_pct	Others_JES_pct	WR2000N100MM	WR2000N100MM_Stat_pct	WR2000N100MM_SystUp_pct	WR2000N100MM_SystDn_pct	WR2000N100MM_TotalUp_pct	WR2000N100MM_TotalDn_pct	WR2000N100MM_Pileup_pct	WR2000N100MM_ElectronID_pct	WR2000N100MM_ElectronReco_pct	WR2000N100MM_ElectronTrig_pct	WR2000N100MM_MuonID_pct	WR2000N100MM_MuonReco_pct	WR2000N100MM_MuonTrig_pct	WR2000N100MM_MuonIso_pct	WR2000N100MM_JER_pct	WR2000N100MM_JES_pct	WR2000N1100MM	WR2000N1100MM_Stat_pct	WR2000N1100MM_SystUp_pct	WR2000N1100MM_SystDn_pct	WR2000N1100MM_TotalUp_pct	WR2000N1100MM_TotalDn_pct	WR2000N1100MM_Pileup_pct	WR2000N1100MM_ElectronID_pct	WR2000N1100MM_ElectronReco_pct	WR2000N1100MM_ElectronTrig_pct	WR2000N1100MM_MuonID_pct	WR2000N1100MM_MuonReco_pct	WR2000N1100MM_MuonTrig_pct	WR2000N1100MM_MuonIso_pct	WR2000N1100MM_JER_pct	WR2000N1100MM_JES_pct	WR4000N100MM	WR4000N100MM_Stat_pct	WR4000N100MM_SystUp_pct	WR4000N100MM_SystDn_pct	WR4000N100MM_TotalUp_pct	WR4000N100MM_TotalDn_pct	WR4000N100MM_Pileup_pct	WR4000N100MM_ElectronID_pct	WR4000N100MM_ElectronReco_pct	WR4000N100MM_ElectronTrig_pct	WR4000N100MM_MuonID_pct	WR4000N100MM_MuonReco_pct	WR4000N100MM_MuonTrig_pct	WR4000N100MM_MuonIso_pct	WR4000N100MM_JER_pct	WR4000N100MM_JES_pct	WR4000N2100MM	WR4000N2100MM_Stat_pct	WR4000N2100MM_SystUp_pct	WR4000N2100MM_SystDn_pct	WR4000N2100MM_TotalUp_pct	WR4000N2100MM_TotalDn_pct	WR4000N2100MM_Pileup_pct	WR4000N2100MM_ElectronID_pct	WR4000N2100MM_ElectronReco_pct	WR4000N2100MM_ElectronTrig_pct	WR4000N2100MM_MuonID_pct	WR4000N2100MM_MuonReco_pct	WR4000N2100MM_MuonTrig_pct	WR4000N2100MM_MuonIso_pct	WR4000N2100MM_JER_pct	WR4000N2100MM_JES_pct
1	800.0000	1000.0000	57.5818	0.0000	4.4212	42.0011	8.8463	2.3131	2.6430	1.4835	1.1021	3.0308	2.8636	0.6488	0.0000	0.0000	0.0000	0.2017	0.0000	0.7078	0.1887	0.0301	1.2540	6.0960	1.3026	1.5093	6.2337	6.2801	0.6948	0.0000	0.0000	0.0000	0.2831	0.0000	0.8739	0.2558	0.0099	0.9440	3.0465	1.9771	1.5061	3.6318	3.3985	1.1884	0.0000	0.0000	0.0000	0.1970	0.0000	0.7109	0.1858	0.0402	1.5305	8.2087	1.1119	1.7384	8.2837	8.3908	1.6248	0.0000	0.0000	0.0000	0.1716	0.0000	0.5740	0.1556	0.0000	0.3308	12.1347	3.6068	6.5024	12.6593	13.7670	6.4340	0.0000	0.0000	0.0000	0.2465	0.0000	0.8441	0.2408	0.0000	0.4755	9.9836	5.1586	1.5772	2.1754	5.3943	5.5985	1.7647	0.0000	0.0000	0.0000	0.2396	0.0000	1.1712	0.2358	0.0000	0.4906	2.3105	7.8000	6.0426	4.6496	9.8667	9.0807	5.6076	0.0000	0.0000	0.0000	0.4355	0.0000	2.1095	0.4013	0.3650	0.3650	0.2484	3.8172	1.4155	1.3619	4.0712	4.0529	0.5601	0.0000	0.0000	0.0000	0.3773	0.0000	1.1806	0.3492	0.2140	0.1780	0.0031	22.4154	4.1572	5.9826	22.7976	23.2000	5.3552	0.0000	0.0000	0.0000	0.4085	0.0000	2.6202	0.4046	0.0000	0.0000
2	1000.0000	1200.0000	23.2767	0.0000	2.1625	17.0119	3.1487	0.9536	4.0334	1.6442	1.5705	4.3556	4.3283	0.5386	0.0000	0.0000	0.0000	0.4541	0.0000	1.2308	0.4145	0.0177	0.7215	7.5342	3.6390	4.6002	8.3670	8.8276	3.4728	0.0000	0.0000	0.0000	0.9640	0.0000	2.2581	0.8956	0.7976	1.3006	4.7692	1.7726	1.6261	5.0879	5.0388	0.8027	0.0000	0.0000	0.0000	0.4148	0.0000	1.1678	0.3794	0.0772	0.9013	12.4021	5.0939	4.5013	13.4075	13.1937	5.0158	0.0000	0.0000	0.0000	0.3060	0.0000	0.7926	0.2616	0.0000	0.0019	22.0254	4.7826	3.9966	22.5387	22.3851	4.4970	0.0000	0.0000	0.0000	0.4893	0.0000	1.4726	0.4550	0.0000	0.2145	16.3173	4.0010	2.4791	3.0605	4.7067	5.0373	1.8824	0.0000	0.0000	0.0000	0.7357	0.0000	2.2065	0.6873	0.0838	0.1272	4.2347	5.7635	2.8426	3.1161	6.4264	6.5520	1.3365	0.0000	0.0000	0.0000	0.7747	0.0000	2.6303	0.7035	0.1825	0.1825	0.3328	3.3509	2.7756	2.8146	4.3511	4.3762	0.5517	0.0000	0.0000	0.0000	0.9819	0.0000	2.4042	0.9134	0.0628	0.3536	0.0059	16.5856	3.3133	3.2799	16.9133	16.9068	1.4938	0.0000	0.0000	0.0000	0.5940	0.0000	2.8421	0.5626	0.0000	0.0000
3	1200.0000	1400.0000	9.0267	0.0000	0.9550	5.9248	1.4468	0.7001	6.6696	4.2685	4.5863	7.9186	8.0943	4.0656	0.0000	0.0000	0.0000	0.7135	0.0000	1.8709	0.6563	0.0160	0.3189	12.1406	4.7277	4.1065	13.0286	12.8163	3.1579	0.0000	0.0000	0.0000	1.2371	0.0000	2.9188	1.1561	0.1515	0.9848	8.4926	5.8493	5.2193	10.3120	9.9682	5.5124	0.0000	0.0000	0.0000	0.6203	0.0000	1.7009	0.5611	0.0000	0.4855	17.9776	5.9070	9.3823	18.9232	20.2786	9.2196	0.0000	0.0000	0.0000	0.6253	0.0000	1.5237	0.5714	0.0000	0.0000	23.9785	4.5707	12.4539	24.4103	27.0198	7.4231	0.0000	0.0000	0.0000	0.9703	0.0000	2.5982	0.9560	0.0000	9.5646	26.4343	3.1626	2.9848	2.9693	4.3487	4.3381	0.1968	0.0000	0.0000	0.0000	0.9736	0.0000	2.6775	0.8886	0.0000	0.0000	6.8083	4.5751	3.7476	4.1053	5.9141	6.1470	1.8740	0.0000	0.0000	0.0000	1.1413	0.0000	3.3543	1.0390	0.0000	0.1784	0.4004	3.0406	3.9783	3.5867	5.0072	4.7020	1.9386	0.0000	0.0000	0.0000	1.2633	0.0000	3.0140	1.1640	0.1305	0.1925	0.0072	14.8142	7.0924	10.7828	16.4244	18.3229	10.2251	0.0000	0.0000	0.0000	0.9326	0.0000	3.2046	0.8544	0.0000	0.0000
4	1400.0000	1600.0000	4.7121	0.0000	0.3274	3.3436	0.8280	0.2132	9.5722	9.2216	4.8009	13.2916	10.7087	8.8373	0.0000	0.0000	0.0000	0.8645	0.0000	2.3188	0.7544	0.0015	1.9963	14.7916	4.7112	9.2426	15.5238	17.4418	3.4429	0.0000	0.0000	0.0000	1.4888	0.0000	3.7276	1.3296	0.0210	7.4844	11.5216	16.0162	6.7129	19.7298	13.3345	15.7958	0.0000	0.0000	0.0000	0.8245	0.0000	2.3470	0.7147	0.0000	1.7339	23.4612	2.0128	3.8418	23.5473	23.7736	3.3127	0.0000	0.0000	0.0000	0.7206	0.0000	1.6958	0.6361	0.0000	0.0071	57.3924	26.0753	49.4235	63.0381	75.7402	49.0568	0.0000	0.0000	0.0000	1.0902	0.0000	2.1314	0.9548	0.0000	5.4352	49.0090	2.3284	4.0353	3.8873	4.6588	4.5313	1.5790	0.0000	0.0000	0.0000	1.3078	0.0000	3.2670	1.1860	0.0308	0.1253	8.7404	4.0044	4.2906	4.2274	5.8690	5.8229	0.3747	0.0000	0.0000	0.0000	1.3472	0.0000	3.8667	1.2228	0.0000	0.0878	0.4426	2.8569	4.2407	3.9459	5.1132	4.8715	1.4754	0.0000	0.0000	0.0000	1.4159	0.0000	3.4772	1.3058	0.0425	0.0637	0.0122	11.7901	4.4623	4.8526	12.6063	12.7497	2.7682	0.0000	0.0000	0.0000	0.9335	0.0000	3.4213	0.8601	0.0000	1.6705
5	1600.0000	2000.0000	3.2260	0.0000	0.3660	2.0521	0.5471	0.2608	11.2385	3.4814	2.9925	11.7654	11.6301	1.7484	0.0000	0.0000	0.0000	1.0334	0.0000	2.6739	0.9163	0.0000	0.0776	16.9518	8.5795	5.1628	18.9992	17.7206	7.2693	0.0000	0.0000	0.0000	1.5766	0.0000	3.9751	1.4179	0.0003	0.6836	14.9173	3.7750	2.9633	15.3875	15.2088	2.4152	0.0000	0.0000	0.0000	1.0111	0.0000	2.5674	0.8963	0.0000	0.0000	30.4833	1.9695	6.5504	30.5468	31.1791	6.2494	0.0000	0.0000	0.0000	0.6347	0.0000	1.7836	0.5429	0.0000	0.0000	29.8896	7.6885	3.9056	30.8626	30.1437	6.5964	0.0000	0.0000	0.0000	1.2836	0.0000	3.5529	1.1533	0.0000	0.0000	774.3786	0.5833	4.3009	4.2577	4.3403	4.2975	0.0143	0.0000	0.0000	0.0000	1.5124	0.0000	3.7826	1.3756	0.0144	0.1020	7.0546	4.4598	5.2979	5.1607	6.9251	6.8207	1.7290	0.0000	0.0000	0.0000	1.4191	0.0000	4.6269	1.2867	0.2898	0.2898	0.9422	1.9686	4.1559	4.1103	4.5986	4.5574	0.3059	0.0000	0.0000	0.0000	1.4143	0.0000	3.6753	1.2874	0.0000	0.1104	0.0354	8.4386	10.5328	5.7169	13.4963	10.1927	9.3270	0.0000	0.0000	0.0000	1.2918	0.0000	4.5704	1.1787	0.0000	0.0000
6	2000.0000	2400.0000	0.7847	0.0000	0.0902	0.4718	0.0815	0.1412	21.2595	10.7159	12.4409	23.8075	24.6322	11.8281	0.0000	0.0000	0.0000	1.1113	0.0000	3.6048	1.0203	0.0083	0.0834	22.5322	11.9860	9.6780	25.5218	24.5227	11.0501	0.0000	0.0000	0.0000	1.6213	0.0000	4.0810	1.5053	0.0725	0.7253	31.2746	14.8441	17.0059	34.6186	35.5991	16.6894	0.0000	0.0000	0.0000	0.8744	0.0000	3.0826	0.8122	0.0000	0.0000	60.2982	20.7542	15.7112	63.7700	62.3115	20.5417	0.0000	0.0000	0.0000	1.1487	0.0000	2.5494	0.9770	0.0000	0.0012	40.2536	7.4464	13.2170	40.9366	42.3680	11.8202	0.0000	0.0000	0.0000	1.5556	0.0000	5.6547	1.4308	0.0000	0.0000	1082.6058	0.4935	4.6372	4.5770	4.6634	4.6036	0.0513	0.0000	0.0000	0.0000	1.5347	0.0000	4.1442	1.3980	0.0348	0.1294	0.5086	16.5417	7.1144	9.7588	18.0067	19.2058	8.0557	0.0000	0.0000	0.0000	1.5935	0.0000	5.1988	1.4472	0.0000	0.0000	0.9313	1.9900	4.6607	4.5654	5.0678	4.9803	0.5306	0.0000	0.0000	0.0000	1.4678	0.0000	4.1847	1.3296	0.0508	0.0611	0.0563	5.4236	5.8708	6.1501	7.9926	8.1999	3.1377	0.0000	0.0000	0.0000	1.4955	0.0000	5.0030	1.3630	0.0000	0.3237
7	2400.0000	2800.0000	0.1384	0.0000	0.0190	0.1041	-0.0169	0.0322	53.3909	5.8956	9.0113	53.7154	54.1460	6.9015	0.0000	0.0000	0.0000	1.9565	0.0000	5.2531	1.8254	0.0000	0.0907	16.3467	7.8339	6.6738	18.1269	17.6566	5.6388	0.0000	0.0000	0.0000	1.7045	0.0000	4.8849	1.6218	0.0000	0.6599	60.8152	6.0171	8.6779	61.1122	61.4312	6.3081	0.0000	0.0000	0.0000	2.4126	0.0000	4.9967	2.3276	0.0000	0.0000	0.0000	0.0000	0.0000	0.0000	0.0000	0.0000	0.0000	0.0000	0.0000	0.0000	0.0000	0.0000	0.0000	0.0000	0.0000	79.0464	7.4576	10.5467	79.3974	79.7468	7.6744	0.0000	0.0000	0.0000	1.2417	0.0000	7.2781	1.0506	0.0000	0.0000	19.5505	3.6938	4.9689	4.8527	6.1914	6.0986	0.5627	0.0000	0.0000	0.0000	1.5344	0.0000	4.4717	1.3857	0.0732	0.3126	0.0563	54.3426	26.4009	14.4004	60.4163	56.2182	13.3057	0.0000	0.0000	0.0000	1.7699	0.0000	5.0229	1.6907	0.0000	25.7276	1.0128	1.8893	5.1937	5.2590	5.5266	5.5881	1.7477	0.0000	0.0000	0.0000	1.5120	0.0000	4.6121	1.3690	0.0799	0.1548	0.0785	4.4908	6.0036	5.7088	7.4974	7.2634	2.2845	0.0000	0.0000	0.0000	1.5125	0.0000	5.1599	1.3642	0.1610	0.3038
8	2800.0000	3200.0000	0.0205	0.0000	0.0077	-0.0347	0.0322	0.0152	366.1642	180.2836	124.4581	408.1402	386.7377	179.9281	0.0000	0.0000	0.0000	1.2338	0.0000	11.1452	1.5281	0.0000	0.0009	20.3505	10.0635	10.7543	22.7028	23.0173	9.7498	0.0000	0.0000	0.0000	1.4647	0.0000	4.1848	1.2760	0.0000	0.0025	0.0000	0.0000	0.0000	0.0000	0.0000	0.0000	0.0000	0.0000	0.0000	0.0000	0.0000	0.0000	0.0000	0.0000	0.0000	99.6488	25.6109	16.8298	102.8874	101.0600	24.4998	0.0000	0.0000	0.0000	1.2417	0.0000	7.2826	1.0507	0.0000	0.0000	94.9977	24.9230	15.8677	98.2126	96.3138	24.7057	0.0000	0.0000	0.0000	1.2417	0.0000	2.8526	1.0506	0.0000	0.0000	2.9636	9.0887	9.0306	8.7727	12.8124	12.6319	7.0976	0.0000	0.0000	0.0000	1.7230	0.0000	5.0671	1.5913	0.0000	0.1460	0.0070	100.0000	16.0813	16.3436	101.2848	101.3268	15.9902	0.0000	0.0000	0.0000	1.2417	0.0000	2.9905	1.0506	0.0000	0.0000	1.3391	1.6482	5.3408	5.2515	5.5893	5.5041	0.3591	0.0000	0.0000	0.0000	1.5650	0.0000	4.8971	1.4265	0.0000	0.0844	0.0945	4.1175	5.7817	5.7476	7.0980	7.0703	1.1599	0.0000	0.0000	0.0000	1.5320	0.0000	5.3693	1.3920	0.0000	0.0000
9	3200.0000	8000.0000	0.0150	0.0000	0.0048	0.0000	0.0002	0.0100	58.7602	13.3940	14.0610	60.2674	60.4192	11.7043	0.0000	0.0000	0.0000	1.8836	0.0000	7.5984	1.8747	0.0000	0.5663	18.2721	8.8543	7.2808	20.3044	19.6692	7.0664	0.0000	0.0000	0.0000	1.7900	0.0000	4.7235	1.6988	0.0000	1.7816	0.0000	0.0000	0.0000	0.0000	0.0000	0.0000	0.0000	0.0000	0.0000	0.0000	0.0000	0.0000	0.0000	0.0000	0.0000	52.1627	21.1856	18.2678	56.3008	55.2690	20.6435	0.0000	0.0000	0.0000	1.8094	0.0000	4.0403	1.7541	0.0000	0.0000	87.6604	15.4469	17.4469	89.0110	89.3797	14.9023	0.0000	0.0000	0.0000	1.9299	0.0000	9.0493	1.9612	0.0000	0.0000	1.2233	14.8329	8.6004	6.8815	17.1459	16.3515	6.2443	0.0000	0.0000	0.0000	1.6544	0.0000	5.4758	1.5014	0.0000	0.0000	0.0032	100.0000	40.5751	25.9653	107.9182	103.3160	40.4542	0.0000	0.0000	0.0000	1.2417	0.0000	2.6735	1.0506	0.0000	0.0000	23.2191	0.3975	5.7161	5.6031	5.7299	5.6171	0.1280	0.0000	0.0000	0.0000	1.6278	0.0000	5.2673	1.5002	0.0312	0.1098	0.0742	4.6310	6.4108	6.7758	7.9085	8.2072	3.1289	0.0000	0.0000	0.0000	1.5586	0.0000	5.7879	1.4111	0.0000	0.1219
